step_idx,is_prefill,batch_size,scheduled_tokens,cached_blocks,elapsed_s,running,waiting,free_blocks,allocated_blocks
0,True,16,8192,0,0.6052151380572468,16,16,2458,32
1,True,16,8192,0,0.365940802032128,32,0,2426,64
2,False,32,32,0,0.06258943502325565,32,0,2394,96
3,False,32,32,0,0.04928916099015623,32,0,2394,96
4,False,32,32,0,0.051546485046856105,32,0,2394,96
5,False,32,32,0,0.051099699921905994,32,0,2394,96
6,False,32,32,0,0.047957825008779764,32,0,2394,96
7,False,32,32,0,0.04837726301047951,32,0,2394,96
8,False,32,32,0,0.049864380969665945,32,0,2394,96
9,False,32,32,0,0.048831398016773164,32,0,2394,96
10,False,32,32,0,0.04848409502301365,32,0,2394,96
11,False,32,32,0,0.04817244899459183,32,0,2394,96
12,False,32,32,0,0.04822233703453094,32,0,2394,96
13,False,32,32,0,0.04820361395832151,32,0,2394,96
14,False,32,32,0,0.048585267970338464,32,0,2394,96
15,False,32,32,0,0.048345947987399995,32,0,2394,96
16,False,32,32,0,0.048813114990480244,32,0,2394,96
17,False,32,32,0,0.04859876097179949,32,0,2394,96
18,False,32,32,0,0.051157571957446635,32,0,2394,96
19,False,32,32,0,0.048501342069357634,32,0,2394,96
20,False,32,32,0,0.04891599097754806,32,0,2394,96
21,False,32,32,0,0.04836754803545773,32,0,2394,96
22,False,32,32,0,0.04835366900078952,32,0,2394,96
23,False,32,32,0,0.04823232803028077,32,0,2394,96
24,False,32,32,0,0.048459798912517726,32,0,2394,96
25,False,32,32,0,0.05170198203995824,32,0,2394,96
26,False,32,32,0,0.049149113008752465,32,0,2394,96
27,False,32,32,0,0.04797437600791454,32,0,2394,96
28,False,32,32,0,0.048429150017909706,32,0,2394,96
29,False,32,32,0,0.04841889697127044,32,0,2394,96
30,False,32,32,0,0.04805399104952812,32,0,2394,96
31,False,32,32,0,0.04847177607007325,32,0,2394,96
32,False,32,32,0,0.048744275001809,32,0,2394,96
33,False,32,32,0,0.04810291493777186,32,0,2394,96
34,False,32,32,0,0.0482684769667685,32,0,2394,96
35,False,32,32,0,0.04798193403985351,32,0,2394,96
36,False,32,32,0,0.04929920798167586,32,0,2394,96
37,False,32,32,0,0.050644692964851856,32,0,2394,96
38,False,32,32,0,0.050888838013634086,32,0,2394,96
39,False,32,32,0,0.04993835790082812,32,0,2394,96
40,False,32,32,0,0.048229063977487385,32,0,2394,96
41,False,32,32,0,0.050932824960909784,32,0,2394,96
42,False,32,32,0,0.05219447799026966,32,0,2394,96
43,False,32,32,0,0.048838078044354916,32,0,2394,96
44,False,32,32,0,0.048759778030216694,32,0,2394,96
45,False,32,32,0,0.04791413608472794,32,0,2394,96
46,False,32,32,0,0.048417158890515566,32,0,2394,96
47,False,32,32,0,0.048185754916630685,32,0,2394,96
48,False,32,32,0,0.04853638692293316,32,0,2394,96
49,False,32,32,0,0.04832439695019275,32,0,2394,96
50,False,32,32,0,0.04896936099976301,32,0,2394,96
51,False,32,32,0,0.04895613307598978,32,0,2394,96
52,False,32,32,0,0.049164919066242874,32,0,2394,96
53,False,32,32,0,0.04856855806428939,32,0,2394,96
54,False,32,32,0,0.0492450799793005,32,0,2394,96
55,False,32,32,0,0.04865245695691556,32,0,2394,96
56,False,32,32,0,0.04805867397226393,32,0,2394,96
57,False,32,32,0,0.051324151922017336,32,0,2394,96
58,False,32,32,0,0.06074465601705015,32,0,2394,96
59,False,32,32,0,0.06310186407063156,32,0,2394,96
60,False,32,32,0,0.06189329002518207,32,0,2394,96
61,False,32,32,0,0.05177129397634417,32,0,2394,96
62,False,32,32,0,0.053637953009456396,32,0,2394,96
63,False,32,32,0,0.05114458408206701,32,0,2394,96
64,False,32,32,0,0.05357569293119013,32,0,2394,96
65,False,32,32,0,0.06196071894373745,32,0,2394,96
66,False,32,32,0,0.05630452302284539,32,0,2394,96
67,False,32,32,0,0.05134786700364202,32,0,2394,96
68,False,32,32,0,0.05192386102862656,32,0,2394,96
69,False,32,32,0,0.04829517798498273,32,0,2394,96
70,False,32,32,0,0.04812924598809332,32,0,2394,96
71,False,32,32,0,0.04922420298680663,32,0,2394,96
72,False,32,32,0,0.04835807497147471,32,0,2394,96
73,False,32,32,0,0.04825182992499322,32,0,2394,96
74,False,32,32,0,0.048080674023367465,32,0,2394,96
75,False,32,32,0,0.04814550303854048,32,0,2394,96
76,False,32,32,0,0.05140498699620366,32,0,2394,96
77,False,32,32,0,0.05035972804762423,32,0,2394,96
78,False,32,32,0,0.05049308598972857,32,0,2394,96
79,False,32,32,0,0.049115321948193014,32,0,2394,96
80,False,32,32,0,0.048588708974421024,32,0,2394,96
81,False,32,32,0,0.047891210997477174,32,0,2394,96
82,False,32,32,0,0.0483745860401541,32,0,2394,96
83,False,32,32,0,0.04866146598942578,32,0,2394,96
84,False,32,32,0,0.04814886802341789,32,0,2394,96
85,False,32,32,0,0.04820873599965125,32,0,2394,96
86,False,32,32,0,0.0479255779646337,32,0,2394,96
87,False,32,32,0,0.048129134927876294,32,0,2394,96
88,False,32,32,0,0.048015394946560264,32,0,2394,96
89,False,32,32,0,0.04874975804705173,32,0,2394,96
90,False,32,32,0,0.0483222579350695,32,0,2394,96
91,False,32,32,0,0.04806349996943027,32,0,2394,96
92,False,32,32,0,0.04822668293491006,32,0,2394,96
93,False,32,32,0,0.04814033396542072,32,0,2394,96
94,False,32,32,0,0.047962679993361235,32,0,2394,96
95,False,32,32,0,0.04846154898405075,32,0,2394,96
96,False,32,32,0,0.04904919897671789,32,0,2394,96
97,False,32,32,0,0.049027380999177694,32,0,2394,96
98,False,32,32,0,0.048772839945741,32,0,2394,96
99,False,32,32,0,0.04981398303061724,32,0,2394,96
100,False,32,32,0,0.049801675020717084,32,0,2394,96
101,False,32,32,0,0.048582403105683625,32,0,2394,96
102,False,32,32,0,0.048337391926907,32,0,2394,96
103,False,32,32,0,0.047876255004666746,32,0,2394,96
104,False,32,32,0,0.05078164208680391,32,0,2394,96
105,False,32,32,0,0.05326299008447677,32,0,2394,96
106,False,32,32,0,0.04842339502647519,32,0,2394,96
107,False,32,32,0,0.04814511106815189,32,0,2394,96
108,False,32,32,0,0.04826309601776302,32,0,2394,96
109,False,32,32,0,0.047844375018030405,32,0,2394,96
110,False,32,32,0,0.04823537403717637,32,0,2394,96
111,False,32,32,0,0.04779556696303189,32,0,2394,96
112,False,32,32,0,0.048021859023720026,32,0,2394,96
113,False,32,32,0,0.050260199001058936,32,0,2394,96
114,False,32,32,0,0.0480770809808746,32,0,2394,96
115,False,32,32,0,0.04956598801072687,32,0,2394,96
116,False,32,32,0,0.04859201901126653,32,0,2394,96
117,False,32,32,0,0.04807299992535263,32,0,2394,96
118,False,32,32,0,0.050018156063742936,32,0,2394,96
119,False,32,32,0,0.053940064972266555,32,0,2394,96
120,False,32,32,0,0.04832881991751492,32,0,2394,96
121,False,32,32,0,0.04856058408040553,32,0,2394,96
122,False,32,32,0,0.04807384102605283,32,0,2394,96
123,False,32,32,0,0.04806023894343525,32,0,2394,96
124,False,32,32,0,0.048166378983296454,32,0,2394,96
125,False,32,32,0,0.048540798015892506,32,0,2394,96
126,False,32,32,0,0.05151892208959907,32,0,2394,96
127,False,32,32,0,0.0483187889913097,32,0,2394,96
128,False,32,32,0,0.04796784301288426,0,0,2490,0
